adres,phone,email,gtag,gtm,ua,wordpress,facebook,meta-pixel,pixel,instagram,linkedin,edrone,getresponse,salesmanago,shop,woocommerce,idosell,shopify,magento,shoper
https://www.hm.com,,,False,False,False,False,,True,False,,,False,False,False,False,False,False,False,False,False
https://www.rossmann.pl,,,False,True,False,False,facebook.com/RossmannPL,True,False,instagram.com/rossmannpl,,False,False,False,True,False,False,False,False,False
https://www.polskiedzieci.pl,,,False,True,False,True,facebook.com/polskiedzieci,True,True,"instagram.com/polskiedziecipl""",,False,False,False,True,False,False,False,False,False
https://www.pepsport.pl,531 067 058,sklep@pepsport.pl,False,False,False,False,facebook.com/trenerpietrzak,True,False,,,False,False,False,True,False,False,False,False,False
https://www.newyorkstyle.pl,,,False,True,True,False,facebook.com/tr?id=336650737689831&ev=PageView,True,True,,,False,False,False,True,False,False,False,False,True
https://www.calzedonia.com,,,False,True,False,False,"facebook.com/calzedonia""",True,False,instagram.com/calzedonia,,False,False,False,True,False,False,False,False,False
https://www.mybasic.pl,+48534312312,sklep@mybasic.pl,False,True,True,False,"facebook.com/tr?id=704643316380297&ev=PageView&noscript=1""",True,True,instagram.com/mybasic.pl,,False,False,False,True,False,False,False,False,False
https://www.kadaro.pl,48507752330,kasia@kadaro.pl,False,True,True,False,facebook.com/pracownia.kadaro,True,False,instagram.com/kadaro.pl,,False,False,False,True,False,False,False,False,True
https://www.okaidi.pl,,,False,False,False,False,,True,False,,,False,False,False,False,False,False,False,False,False
https://www.vans.pl,,,False,True,True,False,"facebook.com/VansEurope""><img",True,False,instagram.com/vans_europe,,False,False,False,True,False,False,False,False,False
https://www.doctornap.com,+48507055197,sklep@doctornap.com,False,True,False,False,"facebook.com/tr?id=439952846419341&ev=PageView&noscript=1""",True,False,"instagram.com/doctornap""",,False,False,False,True,False,False,False,False,False
https://www.bata.pl,,,False,True,False,False,facebook.com/BataPoland,True,False,instagram.com/batashoes,,False,False,False,True,False,False,False,False,False
https://www.nadwyraz.com,+48 534-167-829,kontakt@nadwyraz.com,False,True,True,False,facebook.com/tr?id=468361999934042&ev=PageView&noscript=1',True,True,"instagram.com/nadwyrazcom""",,True,False,False,True,False,False,False,False,True
https://www.e-babystuff.pl,501685746,sklep@babystuff.pl,False,True,True,False,facebook.com/tr?id=2591654997746929&amp;ev=PageView&amp;noscript=1',True,True,,,True,False,False,True,False,True,False,False,False
https://www.reserved.com,,,False,True,False,False,,True,False,,,False,False,False,False,False,False,False,False,False
https://www.seca.com,,,False,True,False,False,"facebook.com/secaglobal""",True,False,,,False,False,False,False,False,False,False,False,False
https://www.dobreliski.pl,+48694596187,,False,True,True,False,"facebook.com/noskieskimoski""",True,True,instagram.com/dobreliski,,False,False,False,True,False,False,False,False,True
https://www.bolo.pl,,kontakt@bolo.pl,False,False,False,True,"facebook.com/tr?id=1016353802139353&ev=PageView&noscript=1""",True,True,instagram.com/bolo_pl,,False,False,False,True,True,False,False,False,False
https://www.mileobaby.pl,+48572703339,biuro@mileobaby.pl,False,True,True,False,"facebook.com/tr?id=2269281220045230&ev=PageView&noscript=1""",True,True,"instagram.com/mileobaby""",,False,False,False,True,False,False,False,False,True
https://www.morele.net,,,False,True,False,False,facebook.com/morele.net,True,True,instagram.com/morele_net,,False,False,False,True,False,False,False,False,False
https://www.bombelkovo.pl,,,False,False,False,False,,True,False,,,False,False,False,False,False,False,False,False,False
https://www.myszojelen-sklep.pl,,,False,True,True,False,facebook.com/tr?id=2337910136312653&ev=PageView&noscript=1',True,True,,,False,False,False,True,False,False,False,False,True
https://www.ciuchciuch.com,,,False,False,True,True,facebook.com/sklepciuchciuch1,True,True,,,False,False,False,False,False,False,False,False,False
https://www.formommy.pl,513009558,sklep@formommy.pl,False,True,False,False,facebook.com/formommy.official,True,True,instagram.com/formommy.pl,,False,False,False,True,False,True,False,False,False
https://www.pecossokids.pl,,,False,False,False,False,,True,False,,,False,False,False,False,False,False,False,False,False
https://www.wyprawka.com.pl,,,False,False,False,False,,True,False,,,False,False,False,False,False,False,False,False,False
https://www.olympiakids.pl,661%20312%20898,renata@olympiakids.pl,False,False,True,False,"facebook.com/tr?id=1183019908700967&amp;ev=PageView&amp;noscript=1""",True,True,instagram.com/olympiakidsstyle,,False,False,False,True,False,False,False,False,False
https://www.fiorino.eu,+48790677092,info@fiorino.eu,False,True,True,False,facebook.com/tr?id=238224350192767&ev=PageView&noscript=1',True,True,instagram.com/fiorino_ekotuptusie,,False,False,False,True,False,False,False,False,True
https://www.rafjolka.pl,587833933,sklep@rafjolka.pl,False,False,True,False,facebook.com/rafjolka,True,True,instagram.com/rafjolka.pl,,True,False,False,True,False,True,False,False,False
https://www.babyandmam.pl,(+48) 883 003 904,kontakt@babyandmam.pl,False,True,True,False,facebook.com/babyandmampl,True,True,instagram.com/babyandmam.pl,,True,False,False,True,False,False,False,False,True
https://www.elefunt-ep.pl,,,False,True,True,False,facebook.com/tr?id=481149495882584&ev=PageView&noscript=1',True,True,"instagram.com/'+username+'""",,False,False,False,True,False,False,False,False,True
https://www.mieszkobaby.pl,,,False,True,True,False,"facebook.com/profile.php?id=100063116325341""",True,True,instagram.com/mieszko_centrum_niemowlece,,False,False,False,True,False,False,False,False,True
https://www.bajkowewnetrzakids.pl,+48505529843,,False,True,True,True,facebook.com/bajkowewnetrzakids,True,True,instagram.com/bajkowewnetrza,,False,False,False,True,True,False,False,False,False
https://www.bellochi.com,,,False,True,False,False,"facebook.com/tr?id=2144222282553362&ev=PageView&noscript=1""",True,True,instagram.com/bellochi_pl,,False,False,False,True,False,False,False,False,False
https://www.bobaspolski.pl,,,False,False,False,False,facebook.com/bobaspolski,True,False,,,False,False,False,True,False,False,False,False,False
https://www.qbanamama.pl,,,False,True,True,False,"facebook.com/qbanamamaPL"",",True,True,instagram.com/qbana_mama,,False,False,True,True,False,False,False,False,True
https://www.empik.com,+48224627250,,False,True,False,False,"facebook.com/empikcom""><i",True,False,"instagram.com/empikcom""><i",,False,False,False,True,False,False,False,False,False
https://www.ielm.pl,,,False,True,False,False,"facebook.com/ielmpl""",True,True,instagram.com/ielm_design,,False,False,True,True,False,False,False,True,False
https://www.bebiklub.pl,,serwis@nutricia.com.pl,False,True,False,False,facebook.com/bebiko.nutricia,True,False,instagram.com/bebiklub_polska,,False,False,False,False,False,False,False,False,False
https://www.noq.com.pl,,,False,True,True,True,facebook.com/tr?id=685284683091600&ev=PageView,True,True,instagram.com/knittex_noq,,False,False,False,False,False,False,False,False,False
https://www.raspberryrepublic.pl,,,False,True,True,True,"facebook.com/tr?id=1682564772009560&ev=PageView&noscript=1&eid=168256477200956016a25ec5-1b13-408b-819d-214d231e24f4&cd%5Bpage_title%5D=Homepage&cd%5Bpost_type%5D=page&cd%5Bpost_id%5D=631&cd%5Bplugin%5D=PixelYourSite&cd%5Bevent_url%5D=www.raspberryrepublic.com%2F&cd%5Buser_role%5D=guest""",True,True,,,False,False,False,True,True,False,False,False,False
https://www.lulusklep.com,,,False,True,True,False,facebook.com/tr?id=1670760859602447&ev=PageView,True,True,,,False,False,False,True,False,False,False,False,True
https://www.lanila.pl,,,False,False,False,False,"facebook.com/tr?id=357904737892819&ev=PageView&noscript=1""",True,False,instagram.com/lanila.pl,,False,False,False,True,False,False,False,False,False
https://www.tchibo.pl,,service@tchibo.pl,False,True,False,False,facebook.com/TchiboPolska,True,False,instagram.com/tchibo_polska,,False,False,False,True,False,False,False,False,False
https://www.mojswiatdziecka.pl,+48570070609,sklep@mojswiatdziecka.pl,False,True,True,False,"facebook.com/Babymam.Polska""",True,True,"instagram.com/babymampolska""",,False,False,False,True,False,False,False,False,True
https://www.sylwiamajdan.com,+48883734777,sklep@sylwiamajdan.com,False,True,True,False,facebook.com/tr?id=318541292845507&amp;ev=PageView&amp;noscript=1',True,True,instagram.com/sylwiamajdan,,False,False,False,True,False,True,False,False,False
https://www.medwil.pl,0048177707181,sklep@medwil.pl,False,True,True,False,facebook.com/tr?id=1940783106002972&ev=PageView&noscript=1',True,True,instagram.com/medwil.pl,,False,False,False,True,False,False,False,False,True
https://www.technica.pl,333 00 11 00,biuro@technica.pl,False,False,True,False,"facebook.com/skleptechnicapl""",True,False,"instagram.com/sklep.technica.pl""",,False,False,False,True,False,False,False,False,False
https://www.atest.net.pl,+48608045150,atest@atest.net.pl,False,True,False,True,,True,False,,,False,False,False,False,False,False,False,False,False
https://www.berotex.net,+48426702909,bok@berotex.net,False,False,True,False,facebook.com/berotex.net,True,True,instagram.com/berotex_net,,False,False,False,True,False,False,False,False,False
https://www.polprotex.pl,,,False,False,True,False,"facebook.com/Polprotex-158727110852926""",True,False,instagram.com/polprotex,,False,False,False,True,False,False,False,False,False
https://www.artbud.pl,523230550,,False,True,True,False,facebook.com/PW-Art-Bud-113756949994174,True,True,,,False,False,True,True,False,False,False,False,True
https://www.tormedica.pl,,,False,True,True,False,,True,True,,,False,False,False,True,False,False,False,False,True
https://www.bruta.pl,,,False,False,True,False,,True,False,,,False,False,False,False,False,False,False,False,False
https://www.new-apparel.pl,790850701,medyczny24@wp.pl,False,False,True,False,facebook.com/New-Apparel-200328013932446,True,False,,,False,False,False,True,False,False,False,False,False
https://www.mercatormedical.eu,+48 12 66 55 400,,False,True,False,False,"facebook.com/mercatormedical""",True,False,,,False,False,False,False,False,False,False,False,False
https://www.multidental.com.pl,,,False,True,False,True,facebook.com/multidentalmed,True,True,,,False,False,False,False,False,False,False,False,False
https://www.bialmed24.pl,,,False,True,True,False,"facebook.com/tr?id=613885653503697&ev=PageView&noscript=1""",True,False,,,False,False,False,True,False,False,False,False,False
https://www.pov-gol.pl,,,False,False,True,True,,True,False,,,False,False,False,True,True,False,False,False,False
https://www.superpasty.pl,,,False,True,True,False,facebook.com/tr?id=1074983966261862&ev=PageView&noscript=1',True,True,,,False,False,False,True,False,False,False,False,True
https://www.martexbhp.pl,+48668413725,biuro@martexbhp.pl,False,True,True,False,"facebook.com/tr?id=649153775544117&ev=PageView&noscript=1""",True,True,,,False,False,False,True,False,False,False,False,True
https://www.matopat24.pl,564519111,sklep@matopat24.pl,False,True,False,False,,True,False,,,False,False,True,True,False,False,False,False,False
https://www.c-i-a.com,,,False,False,False,True,,True,False,,,False,False,False,False,False,False,False,False,False
https://www.kupdogabinetu.pl,696850900,,False,True,True,False,facebook.com/tr?id=1487795194905163&ev=PageView&noscript=1',True,True,,,False,False,True,True,False,False,False,False,True
https://www.bobaskowo.sklep.pl,531748993,sklepbobaskowo@gmail.com,False,True,False,False,facebook.com/policy.php,True,False,instagram.com/bobaskowo.sklep.pl,,True,False,False,True,False,False,False,False,False
https://www.smyk.com,,,False,True,False,False,facebook.com/smykcom,True,False,"instagram.com/smyk\""",,False,False,False,True,False,False,False,False,False
https://www.krokodyl.eu,,,False,False,False,False,facebook.com/radiokrokodyl,True,False,instagram.com/radiokrokodyl,,False,False,False,False,False,False,False,False,False
https://www.babyland.pl,327832788,kontakt@babyland.pl,False,True,False,False,facebook.com/BABYLANDpolska,True,True,instagram.com/155833707900388<br>,,False,False,False,True,False,False,False,False,False
https://www.fazymazy.com,+48790329959,sklep@fazymazy.com,False,True,True,False,facebook.com/tr?id=1423346131740838&ev=PageView&noscript=1',True,True,"instagram.com/fazy_mazy""",,False,True,False,True,False,False,False,False,True
https://www.szykownamama.pl,587833933,sklep@szykownamama.pl,False,False,True,False,facebook.com/szykownamama,True,True,,,True,False,False,True,False,True,False,False,False
https://www.wum.shop.pl,+48507197443,kontakt@wum.shop.pl,False,True,True,False,"facebook.com/wumszop""",True,True,instagram.com/ironteflon_,,False,False,False,True,False,False,False,False,True
https://www.stanleymed.pl,+48532746580,poczta@stanleymed.pl,False,True,True,False,"facebook.com/centrummedycznestanley""",True,False,instagram.com/stanleycentrummedyczne,,False,False,False,True,False,False,False,False,False
https://www.colormed.pl,+48665001085,zamowienia@colormed.pl,False,True,True,False,facebook.com/tr?id=630505397347484&amp;ev=PageView&amp;noscript=1',True,True,,,False,False,True,True,False,True,False,False,False
https://www.drcichobieg.pl,,,False,True,True,False,"facebook.com/tr?id=2612900492290323&ev=PageView&noscript=1""",True,True,instagram.com/drcichobieg,,False,False,False,True,False,False,False,False,True
https://www.drscrub.eu,+48602448462,biuro@drscrub.eu,False,False,True,False,facebook.com/Dr-Scrub-103367272012569,True,False,instagram.com/drscrubpl,,False,False,False,True,False,False,False,False,False
https://www.spawear.pl,48535547400,,False,True,False,True,facebook.com/spawearpl,True,False,instagram.com/spawear.pl,,False,False,False,True,True,False,False,False,False
https://www.apolonia.com.pl,+48506494762,apolonia@apolonia.com.pl,False,False,True,False,facebook.com/ApoloniaOdziezMedyczna,True,True,instagram.com/apolonia_odziezmedyczna,,False,False,False,True,False,True,False,False,False
https://www.ordynator.com.pl,,,False,False,False,True,,True,False,,,False,False,False,True,True,False,False,False,False
https://www.jullita.pl,,esklep@jullita.pl,False,False,True,True,facebook.com/jullitaPL,True,False,instagram.com/jullitapl,,False,False,False,False,False,False,False,False,False
https://www.blusetta.pl,+48606320731,blusetta@blusetta.pl,False,True,True,False,,True,True,,,False,False,False,True,False,False,False,False,False
https://www.dziswlodzi.pl,,kontakt@dziswlodzi.pl,False,False,True,False,facebook.com/tr?id=1951666178179217&ev=PageView,True,False,instagram.com/dziswlodzi.pl,,False,False,False,False,False,False,False,False,False
https://www.eodziezmedyczna.pl,//+48502220670,sklepworker@gmail.com,False,True,True,False,facebook.com/WorkerAnnaDomanska,True,False,,,False,False,False,True,False,False,False,False,False
https://www.wodnasowa.pl,,,False,False,False,False,,True,False,,,False,False,False,False,False,False,False,False,False
https://www.aurii.pl,510905775,,False,True,True,False,"facebook.com/tr?id=3309289472516066&ev=PageView&noscript=1""",True,True,instagram.com/aurii_pl,,False,False,False,True,False,False,False,False,False
https://www.stelo.pl,+48733888520,info@stelo.pl,False,True,True,False,facebook.com/stelofanpage,True,True,instagram.com/stelo_pl,,False,False,False,True,False,False,False,False,False
https://www.namedycyne.shop.pl,514445541,,False,False,True,False,"facebook.com/tr?id=325289861750445&ev=PageView&noscript=1""",True,True,instagram.com/namedycyne.shop,,False,False,False,True,False,False,False,False,False
https://www.clcl.pl,,,False,True,True,False,facebook.com/tr?id=1771127132909849&ev=PageView&noscript=1',True,True,,,True,False,False,True,False,False,False,False,True
https://www.vinted.pl,,,False,False,False,False,,True,False,,,False,False,False,False,False,False,False,False,False
https://www.scrubsoteka.pl,,,False,False,True,False,"facebook.com/profile.php?id=100090847330857""><img",True,True,instagram.com/scrubsoteka.medstore,,False,False,False,False,False,False,False,False,False
https://www.ohscrubs.pl,,,False,False,False,True,,True,False,instagram.com/ohscrubs_pl,,False,False,False,False,False,False,False,False,False
https://www.efimed.pl,+48515785143,sklep@efimed.pl,False,False,True,True,"facebook.com/EfimedOfficial"">",True,False,instagram.com/efimed_official,,False,False,False,True,True,False,False,False,False
https://www.medheroes.pl,,,False,True,True,False,,True,True,,,False,False,False,True,False,False,False,False,True
https://www.pwagnes.pl,,,False,False,False,False,facebook.com/people,True,False,,"linkedin.com/in/tomasz-bobruś-b51b608a"">tomasz",False,False,False,True,False,False,False,False,False
https://www.czulosc.pl,,,False,False,False,False,,True,False,,,False,False,False,False,False,False,False,False,False
https://www.pinterest.com,,,False,False,False,False,facebook.com/v2.7,True,True,,,False,False,False,False,False,False,False,False,False
https://www.venauniformy.pl,,esklep@venauniformy.pl,False,True,False,False,facebook.com/venauniformypl,True,True,instagram.com/venauniformypl,,False,False,False,True,False,False,False,False,False
https://www.lumili.pl,,,False,True,True,True,"facebook.com/lumilimed""",True,True,instagram.com/lumili.pl,,False,False,False,True,True,False,False,False,False
https://www.ceneo.pl,,,False,True,True,False,"facebook.com/CeneoPL""",True,True,instagram.com/ceneopl,,False,False,False,False,False,False,False,False,False
https://www.instagram.com,,,False,False,False,False,facebook.com/docs,True,True,instagram.com/rsrc.php,,False,False,False,False,False,False,False,False,False
https://www.kokolu.pl,,studio@kokolu.pl,False,False,True,True,facebook.com/kokolumedic,True,True,instagram.com/kokolumedic,,False,False,False,True,True,False,False,False,False
https://www.ktyrka.com,,kontakt@ktyrka.com,False,True,False,False,"facebook.com/ktyrka"">",True,True,instagram.com/k.tyrka,,False,False,False,True,False,False,False,False,False
https://www.louislanier.com,,,False,True,True,False,"facebook.com/tr?id=834714523910065&ev=PageView&noscript=1""",True,True,instagram.com/p,,False,False,False,True,False,False,False,False,False
https://www.amazon.pl,,,False,False,False,False,,True,True,,,False,False,False,False,False,False,False,False,False
https://www.medesign.pl,+48530821788,sklep@medesign.pl,False,False,False,True,"facebook.com/medesign.outfit""",True,False,instagram.com/medesign.outfit,,False,False,False,True,True,False,False,False,False
https://www.rymki.com,,sklep@rymki.com,False,True,True,False,facebook.com/tr?id=343377231034787&ev=PageView&noscript=1',True,True,,,False,False,False,True,False,False,False,False,True
https://www.doktorfit.edu.pl,,,False,True,True,True,,True,False,,,False,False,False,False,False,False,False,False,False
https://www.medicstar.pl,+48122514287,biuro@medicstar.pl,False,True,True,True,facebook.com/Medicstar-Odzie-Medyczna-110792477065360,True,True,,,False,False,False,True,True,False,False,False,False
https://www.renafartuszki.pl,,,False,False,False,False,"facebook.com/renafartuszki""",True,False,instagram.com/renafartuszki.pl,,False,False,True,True,False,False,False,False,False
https://www.kafeteria.pl,,lifestyle@grupawp.pl,False,True,False,False,"facebook.com/kafeteriapl""",True,False,,,False,False,False,False,False,False,False,False,False
https://www.medizal.pl,+48606770349,sklep@medizal.pl,False,True,True,False,"facebook.com/tr?id=184322943451576&ev=PageView&noscript=1""",True,True,,,True,False,True,True,False,False,False,False,True
https://www.radiolodz.pl,,,False,False,True,True,"facebook.com/RadioLodz""",True,True,"instagram.com/radiolodz""",,False,False,False,False,False,False,False,False,False
https://www.med4med.store,48798678778,info@med4med.store,False,False,True,True,"facebook.com/MED4MED.store""",True,True,instagram.com/med4med.store,,False,False,False,True,True,False,False,False,False
https://www.eurostylmedyczna.pl,,,False,True,True,False,,True,True,,,False,False,False,True,False,False,False,False,True
https://www.odziezdlamedyka.pl,662 943 094,kontakt@odziezdlamedyka.pl,False,True,True,False,"facebook.com/tr?id=639301723616348&ev=PageView&noscript=1""",True,True,,,False,False,False,True,False,False,False,False,False
https://www.hansa.com.pl,+48 85 743 72 80,,False,False,True,False,"facebook.com/tr?id=1621684681346357&ev=PageView&noscript=1""",True,True,,,False,False,False,True,False,False,False,False,False
https://www.eldan.pl,,zamowienia@eldan.pl,False,False,True,False,"facebook.com/eldanpl""><svg",True,False,instagram.com/eldanpolska,,True,False,False,True,False,False,False,False,False
https://www.iszczecinek.pl,,,False,False,True,False,"facebook.com/213292052070523"">",True,False,,,False,False,False,False,False,False,False,False,False
https://www.butikmedyczny.pl,728334304,biuro@butikmedyczny.pl,False,False,True,False,facebook.com/butikmedycznypl,True,True,,,False,False,False,True,False,True,False,False,False
https://www.youtube.com,,,False,False,False,False,,True,True,"instagram.com/kubanczyk.official\nKubańczyk...""}]},""longBylineText"":{""runs"":[{""text"":""Kubańczyk"",""navigationEndpoint"":{""clickTrackingParams"":""CKkBENwwIhMIxrPI09SK_wIVD1ebCh0PUQpd"",""commandMetadata"":{""webCommandMetadata"":{""url"":""",,False,False,False,True,False,False,False,False,False
https://www.haftmarket.pl,,,False,False,True,False,"facebook.com/Haftmarketpl""",True,False,,,False,False,False,False,False,False,False,False,False
https://www.bigjo.pl,,,False,False,True,True,"facebook.com/BigJo-\u017byjemy-newsami-995721463918261"",""https:",True,True,,,False,False,False,False,False,False,False,False,False
https://www.salus-med.pl,,,False,True,True,False,"facebook.com/tr?id=290402748709703&amp;ev=PageView&amp;noscript=1""><",True,False,,,False,False,False,True,False,False,False,False,False
https://www.dzienniknaukowy.pl,,,False,True,True,False,facebook.com/Dziennik-Naukowy-716648515078546,True,False,,,False,False,False,False,False,False,False,False,False
https://www.facebook.com,,,False,False,False,False,"facebook.com/""><meta",True,True,,,False,False,False,False,False,False,False,False,False
https://www.expodziezmedyczna.pl,,,False,True,True,False,"facebook.com/tr?id=894050484922611&ev=PageView&noscript=1""",True,True,instagram.com/odziez_medyczna,,False,False,False,True,False,False,False,False,True
https://www.perfectuniforms.pl,,hello@perfectuniforms.pl,False,False,True,True,facebook.com/PerfectUniformsPL,True,False,instagram.com/perfectuniforms.pl,,False,False,False,True,True,False,False,False,False
https://www.wearfigs.com,,,False,True,False,False,"facebook.com/wearfigs"",",True,True,"instagram.com/wearfigs"",",,False,False,False,False,False,False,False,False,False
https://www.udsk.pl,,,False,False,False,True,"facebook.com/udskbialystok"">Nasz",True,False,,,False,False,False,False,False,False,False,False,False
https://www.medora.pl,,,False,False,True,False,facebook.com/medoraofficial,True,False,instagram.com/medora_official,,False,False,False,False,False,False,False,False,False
https://www.beretta.net.pl,,,False,False,True,True,facebook.com/berettamed,True,False,,,False,False,False,True,True,False,False,False,False
https://www.sortmund.pl,663066603,sklep@sortmund.pl,False,False,True,False,facebook.com/about,True,True,,,True,False,False,True,False,True,False,False,False
https://www.sprzedajemy.pl,,,False,True,False,False,"facebook.com/tr?id=506408729490141&amp;ev=PageView&amp;noscript=1""",True,False,,,False,False,False,True,False,False,False,False,False
https://www.pigulasklep.pl,,,False,True,True,False,,True,True,,,False,False,False,True,False,False,False,False,True
https://www.medstudio.pl,,,False,False,False,False,,True,True,,,False,False,False,False,False,False,False,False,False
https://www.dlapacjenta.pl,,,False,True,True,False,"facebook.com/tr?id=283915266408645&amp;ev=PageView&amp;noscript=1""><",True,False,,,False,False,True,True,False,False,False,False,False
https://www.engelbert-strauss.pl,,,False,False,False,False,,True,False,,,False,False,False,True,False,False,False,False,False
https://www.modix.com.pl,+48723729665,,False,False,False,False,"facebook.com/tr?id=713425840568364&ev=PageView&noscript=1""",True,False,instagram.com/modix_official,,False,False,False,True,False,False,False,False,False
https://www.modernbhp.pl,,biuro@modernbhp.pl,True,True,True,False,"facebook.com/modernbhp"">XD<",True,True,instagram.com/modernbhp.pl,,False,False,False,True,False,False,False,False,True
https://www.bellus.pl,,,False,True,True,False,facebook.com/tr?id=324011255709563&ev=PageView&noscript=1',True,True,,,False,False,False,True,False,False,False,False,True
https://www.praxisdienst.pl,,,False,False,False,False,,True,False,,,False,False,False,False,False,False,False,False,False
https://www.lidl.pl,,,False,True,False,False,facebook.com/lidlpolska,True,False,instagram.com/lidlpolska,,False,False,False,True,False,False,False,False,False
https://www.antar.pl,533055228,antar@antar.pl,False,True,True,False,facebook.com/AntarKrakow,True,True,,,False,False,False,True,False,False,False,False,True
https://www.kegel24.pl,+48 182 610 894,info@kegel24.pl,False,False,True,False,,True,False,,,False,False,False,True,False,False,False,False,False
https://www.pracownialula.pl,,biuro@pracownialula.pl,False,True,True,False,"facebook.com/tr?id=488288018389744&ev=PageView&noscript=1""",True,True,,,False,False,False,True,False,False,False,False,True
https://www.spacemed.pl,+48887400800,sklep@spacemed.pl,False,True,True,False,facebook.com/spacemedPL,True,True,,,False,False,False,True,False,False,False,False,True
https://www.pielegniarki.info.pl,,,False,True,False,True,facebook.com/PortalPielegniarekiPoloznych,True,False,instagram.com/sklep.pielegniarki.info.pl,,False,False,False,False,False,False,False,False,False
https://www.fryda.com.pl,,,False,False,True,True,"facebook.com/tr?id=520681228499124&ev=PageView&noscript=1""",True,False,,,False,False,False,False,False,False,False,False,False
https://www.twojkoliber.pl,,sklepinter.koliber@gmail.com,False,True,True,False,,True,True,,,False,False,False,True,False,False,False,False,True
https://www.novamed.pl,+42 714 36 00,sklep@novamed.pl,False,True,True,False,"facebook.com/tr?id=1094213380709645&ev=PageView&noscript=1""",True,False,,,False,False,False,True,False,False,False,True,False
https://www.edora-med.pl,,,False,True,False,False,,True,True,,,False,False,False,True,False,False,False,False,True
https://www.medline.shop.pl,,,False,True,False,False,"facebook.com/Medline-104138955734674""><span",True,True,instagram.com/__medline__,,False,False,False,True,False,False,False,False,True
https://www.meduses.pl,,,False,True,True,False,"facebook.com/tr?id=516519656393589&ev=PageView&noscript=1""",True,True,"instagram.com/'+username+'""",,False,False,False,True,False,False,False,False,True
https://www.krystian.com.pl,+ 48486752588 ,info@krystian.com.pl,False,True,False,True,facebook.com/tr?id=914587949106128&ev=PageView&noscript=1,True,True,,,False,False,False,False,False,False,False,False,False
https://www.clean24.pl,483777304,biuro@clean24.pl,False,True,True,False,facebook.com/tr?id=431683981399909&amp;ev=PageView&amp;noscript=1',True,True,,,False,False,False,True,False,True,False,False,False
https://www.fashionroom-odziezmedyczna.pl,,,False,True,False,False,,True,True,,,False,False,False,True,False,False,False,False,True
https://www.vanitysklep.pl,713067172,zamowienia@vanitysklep.pl,False,True,True,False,facebook.com/VanitySklep,True,True,instagram.com/vanity.sklep,,False,False,False,True,False,False,False,False,False
https://www.megamedic.pl,,,False,True,True,False,facebook.com/tr?id=693960131929288&ev=PageView&noscript=1',True,True,instagram.com/megamedic.pl,,False,False,False,True,False,False,False,False,False
https://www.sklepdlalekarza.com,,%73%6b%6c%65%70@%73%6b%6c%65%70%64%6c%61%6c%65%6b%61%72%7a%61.%70%6c,False,False,False,False,"facebook.com/sklepdlalekarza.fanpage""",True,False,instagram.com/sklepdlalekarza,,False,False,False,True,False,False,False,False,False
https://www.cocomed.eu,,kontakt@cocomed.eu,False,False,True,True,facebook.com/cocomed.eu,True,True,instagram.com/cocomed.eu,,False,False,False,True,True,False,False,False,False
https://www.ratujesz.pl,+48785905095,sklep@ratujesz.pl,False,True,True,False,facebook.com/ratujesz,True,True,instagram.com/ratujesz,,True,True,False,True,False,False,False,False,True
https://www.womenshealth.pl,,,False,False,False,False,,True,False,,,False,False,False,False,False,False,False,False,False
https://www.sandra-med.pl,+48 667 193 652,sklep@sandra-med.pl,False,False,False,False,"facebook.com/tr?id=849770282839679&ev=PageView&noscript=1""",True,True,,,False,False,False,True,False,False,False,False,False
https://www.redaruniformy.pl,,,False,True,True,False,,True,True,,,False,False,False,True,False,False,False,False,True
https://www.paypo.pl,,,False,True,False,False,facebook.com/policy.php,True,True,instagram.com/paypo.pl,,False,False,False,False,False,False,False,False,False
https://www.inwhite.store,+48585859551,gdansk@inwhite.ua,False,True,False,False,"facebook.com/tr?id=490616592473870&ev=PageView&noscript=1""",True,True,instagram.com/inwhite.store.pl,,False,False,False,True,False,False,False,False,False
https://www.moderncompany.pl,+48519492611,biuro@moderncompany.pl,False,True,False,False,"facebook.com/modernbhp"">Facebook<",True,False,instagram.com/modernbhp.pl,,False,False,False,False,False,False,False,False,False
https://www.ubraniadlakucharzy.pl,,,False,True,True,False,facebook.com/ubraniadlakucharzypl-106685177611137,True,True,instagram.com/ubraniadlakucharzy.pl,,False,False,False,True,False,False,False,False,True
https://www.fartuszki.waw.pl,,rates1@wp.pl,False,False,False,False,facebook.com/sharer,True,False,,,False,False,False,False,False,False,False,False,False
https://www.kams.com.pl,124120216,sklep@kams.com.pl,False,True,True,False,"facebook.com/Kams-Hurtownia-i-sklep-BHP-302302039818366"",",True,False,,,False,False,False,True,False,False,False,False,False
https://www.stronazdrowia.pl,,,False,True,False,False,facebook.com/stronazdrowiapl,True,True,,,False,False,False,True,False,False,False,False,False
https://www.uniformio.pl,881-312-426,sklep@uniformio.pl,False,True,True,False,"facebook.com/tr?id=342855033363049&ev=PageView&noscript=1""",True,False,,,False,False,False,True,False,False,False,False,False
https://www.shein.com,,,False,True,True,False,facebook.com/tr,True,True,instagram.com/sheinofficial,,False,False,False,False,False,False,False,False,False
https://www.medonet.pl,,,False,True,False,False,facebook.com/medonetpl,True,False,,,False,False,False,True,False,False,False,False,False
https://www.allegrolokalnie.pl,,,False,True,False,False,,True,False,,,False,False,False,True,False,False,False,False,False
https://www.tvp.info,,,False,True,True,False,"facebook.com/tvp.info""",True,False,,,False,False,False,False,False,False,False,False,False
https://www.tedmar.com.pl,,,False,False,True,False,"facebook.com/ubraniadopracy""",True,True,instagram.com/tedmar_quality_uniforms,,False,False,False,True,False,False,True,False,False
https://www.r-gol.com,+48 22 122 02 90,eSklep@R-GOL.com,False,True,False,False,"facebook.com/RGOL.FootballCenter"",",True,False,instagram.com/r_gol_football,,False,False,True,True,False,False,False,False,False
https://www.tvn24.pl,,,False,True,True,False,,True,True,,,False,False,False,False,False,False,False,False,False
https://www.martex-jw.pl,,,False,False,True,False,,True,False,,,False,False,False,True,False,False,False,False,False
https://www.twitter.com,,,False,False,False,False,,True,True,,,False,False,False,False,False,False,False,False,False
https://www.polskatimes.pl,,,False,True,False,False,"facebook.com/tr?id=517947555063328&amp;ev=PageView&amp;noscript=1""><",True,True,,,False,False,False,True,False,False,False,False,False
https://www.gwarek.com.pl,,,False,False,True,False,"facebook.com/203101756367144"">",True,False,,,False,False,False,False,False,False,False,False,False
https://www.glamour.pl,,,False,False,False,False,,True,False,,,False,False,False,False,False,False,False,False,False
https://www.eglos.pl,,kontakt@glossk.pl,False,False,True,False,facebook.com/GlosSkierniewiciOkolicy,True,False,,,False,False,False,False,False,False,False,False,False
https://www.dziennikzachodni.pl,,,False,True,False,False,"facebook.com/tr?id=517947555063328&amp;ev=PageView&amp;noscript=1""><",True,True,,,False,False,False,True,False,False,False,False,False
https://www.wyborcza.pl,,,False,True,False,False,"facebook.com/wyborcza#S.spolecznosc-K.C-B.1-L.1.zw""",True,False,instagram.com/gazeta_wyborcza,,False,False,False,False,False,False,False,False,False
https://www.noizz.pl,,,False,True,False,False,"facebook.com/NOIZZPolska""",True,False,instagram.com/noizzpl,,False,False,False,False,False,False,False,False,False
https://www.redbull.com,,,False,True,False,False,,True,True,,,False,False,False,False,False,False,False,False,False
https://www.radiozw.com.pl,,radiozw@radiozw.com.pl,False,False,True,True,facebook.com/RadioZW,True,False,,,False,False,False,False,False,False,False,False,False
https://www.um.warszawa.pl,,,False,False,False,False,"facebook.com/warszawa""",True,False,"instagram.com/miasto_warszawa""",,False,False,False,False,False,False,False,False,False
https://www.radio.opole.pl,,,False,False,True,False,"facebook.com/radioopole""",True,False,instagram.com/radioopole,,False,False,False,False,False,False,False,False,False
https://www.crowdmedia.pl,,,False,False,True,True,,True,False,,,False,False,False,False,False,False,False,False,False
https://www.zabrze.com.pl,,,False,True,True,False,"facebook.com/Zabrzecompl""",True,False,,,False,False,False,False,False,False,False,False,False
https://www.gs24.pl,,,False,True,False,False,"facebook.com/MagazynMMTrendy""",True,True,instagram.com/mm.trendy,,False,False,False,True,False,False,False,False,False
https://www.radiozet.pl,,,False,True,False,False,facebook.com/2008,True,True,instagram.com/radio_zet,,False,False,False,False,False,False,False,False,False
https://www.kurierlubelski.pl,,,False,True,False,False,"facebook.com/tr?id=517947555063328&amp;ev=PageView&amp;noscript=1""><",True,True,,,False,False,False,True,False,False,False,False,False
https://www.msn.com,,,False,False,False,False,"facebook.com/""",True,True,,,False,False,False,False,False,False,False,False,False
https://www.militaria.pl,,,False,False,False,False,,True,False,,,False,False,False,False,False,False,False,False,False
https://www.dziennikbaltycki.pl,,,False,True,False,False,"facebook.com/tr?id=517947555063328&amp;ev=PageView&amp;noscript=1""><",True,True,,,False,False,False,True,False,False,False,False,False
https://www.dojczland.info,,,False,True,False,True,"facebook.com/Dojczland.info""><meta",True,False,instagram.com/dojczland_info_official,,False,False,False,False,False,False,False,False,False
https://www.plotek.pl,,,False,True,False,False,facebook.com/Plotek,True,False,,,False,False,False,False,False,False,False,False,False
https://www.moto.pl,,,False,True,False,False,facebook.com/motoplportal,True,False,"instagram.com/motopl""",,False,False,False,False,False,False,False,False,False
https://www.ding.pl,,,False,True,True,False,"facebook.com/tr?id=238861105225571&amp;ev=PageView&amp;noscript=1""><",True,True,instagram.com/ding.pl,,False,False,False,False,False,False,False,False,False
https://www.wearmedicine.com,(12) 312 27 22,sklep@wearmedicine.com,False,True,False,False,"facebook.com/wearMEDICINE"",""INSTAGRAM_URL"":""https:",True,False,"instagram.com/wearmedicine"",""YOUTUBE_URL"":""https:",,False,False,False,False,False,False,False,False,False
https://www.vinted.lt,,,False,False,False,False,,True,False,,,False,False,False,False,False,False,False,False,False
https://www.propertynews.pl,,,False,True,False,False,"facebook.com/propertynewspl""",True,False,,,False,False,False,False,False,False,False,False,False
https://www.luxmed-diagnostyka.pl,228809080,,False,True,True,False,"facebook.com/luxmed""",True,False,,,False,False,False,False,False,False,False,False,False
https://www.lento.pl,,,False,True,False,False,,True,False,,,False,False,False,True,False,False,False,False,False
https://www.onet.pl,,,False,True,False,False,,True,False,,,False,False,False,False,False,False,False,False,False
https://www.zalando.pl,,,False,False,False,False,,True,False,,,False,False,False,False,False,False,False,False,False
https://www.polityka.pl,,polityka@polityka.com.pl,False,True,True,False,"facebook.com/TygodnikPolityka"">",True,False,"instagram.com/tygodnikpolityka"">",,False,False,False,False,False,False,False,False,False
https://www.born2be.pl,,,False,True,False,False,"facebook.com/born2bepolska""",True,True,"instagram.com/born2be_pl""",,False,False,False,True,False,False,False,False,False
https://www.sport.pl,,,False,True,False,False,facebook.com/gazetapl,True,False,,,False,False,False,False,False,False,False,False,False
https://www.wp.pl,,,False,True,False,False,facebook.com/WirtualnaPolska,True,True,instagram.com/wirtualnapolska,,False,False,False,False,False,False,False,False,False
https://www.woj-pol.pl,660-780-979,kontakt@woj-pol.pl,False,True,True,True,facebook.com/wojpolmilitaria,True,False,,,False,False,False,True,True,False,False,False,False
https://www.cowzdrowiu.pl,,,False,False,True,False,facebook.com/Co-w-Zdrowiu-109171340494116,True,False,,,False,False,False,False,False,False,False,False,False
https://www.gk24.pl,,,False,True,False,False,"facebook.com/mmtrendykoszalin""",True,True,instagram.com/mmtrendykoszalin,,False,False,False,True,False,False,False,False,False
https://www.oko.press,,,False,True,False,False,facebook.com/oko.press,True,True,instagram.com/oko.press,,False,False,False,False,False,False,False,False,False
https://www.nto.pl,,,False,True,False,False,"facebook.com/tr?id=517947555063328&amp;ev=PageView&amp;noscript=1""><",True,True,,,False,False,False,True,False,False,False,False,False
https://www.humanmag.pl,,,False,False,True,True,,True,True,,,False,False,False,False,False,False,False,False,False
https://www.polskieradio.pl,,,False,True,False,False,facebook.com/2008,True,True,instagram.com/czworka_polskieradio,,False,False,False,False,False,False,False,False,False
https://www.sucha24.pl,,,False,True,False,False,"facebook.com/sucha24""",True,False,,,False,False,False,True,False,False,False,True,False
https://www.grojec24.net,,,False,False,True,False,"facebook.com/osk.manewr.grojec""",True,False,,,False,False,False,False,False,False,False,False,False
https://www.polsatnews.pl,,,False,True,False,False,"facebook.com/polsatnewspl""",True,False,,,False,False,False,False,False,False,False,False,False
https://www.sportano.pl,684139020,,False,True,False,False,"facebook.com/sportano""",True,False,instagram.com/sportano.pl,,False,False,False,True,False,False,False,True,False
https://www.gloswielkopolski.pl,,,False,True,False,False,"facebook.com/tr?id=517947555063328&amp;ev=PageView&amp;noscript=1""><",True,True,,,True,False,False,True,False,False,False,False,False
https://www.histmag.org,,,False,True,False,True,"facebook.com/histmag.org?utm_source=Histmag.org""",True,False,instagram.com/histmagorg,,False,False,False,False,False,False,False,False,False
https://www.poradnikzdrowie.pl,,,False,True,False,False,"facebook.com/tr?id=1244268285734153&amp;ev=PageView&amp;noscript=1"">",True,True,,,False,False,False,False,False,False,False,False,False
https://www.polskieradio24.pl,,,False,True,False,False,facebook.com/2008,True,True,instagram.com/polskieradio,,False,False,False,True,False,False,False,False,False
https://www.zycie.pl,,,False,True,True,False,,True,False,,,False,False,False,False,False,False,False,False,False
https://www.rp.pl,,,False,True,True,False,facebook.com/dziennikrzeczpospolita,True,True,,,False,False,True,True,False,False,False,False,False
https://www.dzienniklodzki.pl,,,False,True,False,False,"facebook.com/tr?id=517947555063328&amp;ev=PageView&amp;noscript=1""><",True,True,,,False,False,False,True,False,False,False,False,False
https://www.zbrojownia.pl,+48324457407,sklep@zbrojownia.pl,False,True,True,False,facebook.com/zbrojownia.gliwice,True,True,instagram.com/zbrojownia_pl,,True,False,False,True,False,False,False,False,False
https://www.moviesroom.pl,,,False,False,True,True,"facebook.com/MoviesRoomPL""",True,False,instagram.com/Moviesroom.pl,,False,False,False,False,False,False,False,False,False
https://www.cezal.pl,,,False,False,True,False,,True,False,,,False,False,False,True,False,False,False,False,False
https://www.tenpoznan.pl,,redakcja@tenpoznan.pl,False,False,False,True,"facebook.com/TenPOZ"",""https:",True,False,,,False,False,False,False,False,False,False,False,False
https://www.ratownictwo.opole.pl,,,False,False,True,True,facebook.com/opolskieratownictwo,True,True,instagram.com/opolskieratownictwo,,False,False,False,False,False,False,False,False,False
https://www.mohito.com,,,False,True,False,False,,True,False,,,False,False,False,False,False,False,False,False,False
https://www.przelom.pl,,,False,True,True,False,"facebook.com/przelompl""",True,False,,,False,False,False,False,False,False,False,False,False
https://www.nowiny24.pl,,,False,True,False,False,"facebook.com/tr?id=517947555063328&amp;ev=PageView&amp;noscript=1""><",True,True,,,False,False,False,True,False,False,False,False,False
https://www.lazarski.pl,,,False,True,False,False,"facebook.com/tr?id=574835989279730&ev=PageView&noscript=1""",True,False,instagram.com/lazarskiuni,,False,False,False,False,False,False,False,False,False
https://www.tvp.pl,,,False,True,False,False,facebook.com/BadzmyRazem.TVP,True,False,instagram.com/badzmyrazem.tvp,,False,False,False,False,False,False,False,False,False
https://www.kurierbytowski.com.pl,,,False,True,False,False,facebook.com/pg,True,False,,,False,False,False,True,False,False,False,True,False
https://www.tkmaxx.pl,,,False,True,False,False,"facebook.com/TKMaxxPL""",True,False,instagram.com/tkmaxxpl,,False,False,False,False,False,False,False,False,False
https://www.decathlon.pl,,,False,True,True,False,,True,True,,,False,False,False,True,False,False,False,False,False
https://www.centrummedycznestanley.pl,+48616490555,,False,True,True,False,facebook.com/pages,True,False,,,False,False,False,False,False,False,False,False,False
https://www.beskidzka24.pl,,,False,True,True,True,facebook.com/Beskidzka24pl,True,False,,,False,False,False,False,False,False,False,False,False
https://www.wprost.pl,,,False,False,True,False,"facebook.com/"">",True,True,,,False,False,False,False,False,False,False,False,False
https://www.renee.pl,,,False,True,False,False,"facebook.com/reneegirls""",True,True,"instagram.com/reneegirls""",,False,False,False,True,False,False,False,False,False
https://www.vitalabo.com.pl,,,False,False,False,True,"facebook.com/tr?id=1833041966918112&ev=PageView&noscript=1""",True,False,,,False,False,False,True,True,False,False,False,False
https://www.pinokio.pl,,sklep@pinokio.pl,False,False,True,False,facebook.com/zkdpinokio,True,False,instagram.com/pinokioubranka,,False,False,False,True,False,False,False,False,False
https://www.combat.pl,+48343738400,combat@combat.pl,False,True,False,False,"facebook.com/combatpolska""",True,True,,,False,False,False,True,False,False,False,True,False
https://www.mokee.eu,,,False,True,True,False,"facebook.com/wearemokee"",",True,True,"instagram.com/wearemokee"",",,False,False,False,False,False,False,False,False,False
https://www.niezalezna.pl,,g.wierzcholowski@niezalezna.pl,False,True,True,False,facebook.com/sharer.php?u=',True,True,,,False,False,False,False,False,False,False,False,False
https://www.lodger.com,,,False,True,False,False,facebook.com/tr?id=315796992235350&ev=PageView,True,False,instagram.com/lodger_official,,False,False,False,False,False,False,False,False,False
https://www.mymomentsworld.com,,,False,True,True,False,"facebook.com/tr?id=562789600894134&ev=PageView&noscript=1""",True,True,"instagram.com/mymoments.shop""",,False,False,False,True,False,False,False,False,True
https://www.bosastopka.pl,+48530449109,bosa@bosastopka.pl,False,True,True,False,facebook.com/bosastopka,True,True,instagram.com/bosastopka,,False,False,False,True,False,True,False,False,False
https://www.tinystar.pl,,KONTAKT@TINYSTAR.PL,False,True,True,False,"facebook.com/tr?id=100369596994738&ev=PageView&noscript=1""",True,True,instagram.com/tinystarpl,,False,False,False,True,False,False,False,False,True
https://www.tuszyte.pl,690391391,bok@tuszyte.pl,False,False,True,False,facebook.com/TuSzyte,True,True,instagram.com/tuszyte,,True,False,False,True,False,True,False,False,False
https://www.tuliroom.pl,+48888779709,kontakt@tuliroom.pl,False,True,True,False,"facebook.com/tuliroom""><",True,True,instagram.com/tuliroom.pl,,False,False,False,True,False,False,False,False,True
https://www.crazyshop.pl,,,False,True,True,False,facebook.com/pages,True,False,instagram.com/crazyshop.pl,,False,False,False,False,False,False,False,False,False
https://www.najsshop.pl,+48886326131,sklep@najsshop.pl,False,True,True,False,facebook.com/tr?id=3298204146862823&ev=PageView&noscript=1',True,True,instagram.com/najsshop.pl,,False,False,False,True,False,False,False,False,True
https://www.answear.com,,,False,True,False,False,facebook.com/answearcom,True,False,instagram.com/answear,,False,False,False,False,False,False,False,False,False
https://www.poczpol.pl,,sklep@poczpol.pl,False,False,True,False,facebook.com/poczpol,True,True,instagram.com/poczpol.pl,,False,False,False,True,False,True,False,False,False
https://www.szipszop.pl,,info@szipszop.pl,False,False,False,False,"facebook.com/SzipSzop""",True,False,instagram.com/szipszop.pl,,False,False,False,True,False,False,False,False,False
https://www.montibi.pl,,,False,True,True,False,"facebook.com/tr?id=440633366567063&ev=PageView&noscript=1""",True,True,instagram.com/montibi.pl,,False,False,False,True,False,False,False,False,True
https://www.arusiowo.pl,,sklep@arusiowo.pl,False,False,True,False,,True,False,,,False,False,False,True,False,False,False,False,False
https://www.cuddledreams.pl,,,False,True,True,False,facebook.com/tr?id=231444947300755&ev=PageView&noscript=1',True,True,,,False,False,False,True,False,False,False,False,True
https://www.mamaania.com.pl,,,False,True,True,False,facebook.com/tr?id=1354255018282762&ev=PageView&noscript=1',True,True,instagram.com/sklep_mamaania,,False,False,False,True,False,False,False,False,True
https://www.tubes-international.pl,+48616530222,tubes@tubes-international.com?subject=Zapytanie%20ze%20strony%20www,False,True,False,True,facebook.com/TubesInternational,True,False,,,False,False,False,False,False,False,False,False,False
https://www.tubes-international.cz,+420596133329,ostrava@tubes-international.com,False,True,False,True,facebook.com/TubesInternational,True,False,,,False,False,False,False,False,False,False,False,False
https://www.hhuumm.pl,,,False,True,False,False,facebook.com/hhuummpl,True,True,instagram.com/hhuumm_pl,,False,False,False,True,False,False,True,False,False
https://www.bonni.pl,+48221235522,bok@bonni.pl,False,True,True,False,"facebook.com/tr?id=485773865867515&ev=PageView&noscript=1""",True,True,instagram.com/bonni.pl,,False,False,False,True,False,False,False,False,False
https://www.meblepyton.org,,,False,False,True,False,"facebook.com/tr?id=746782682090444&ev=PageView&noscript=1""",True,True,,,False,False,False,True,False,False,False,False,False
https://www.momastudio.pl,602 631 157,info@momastudio.pl,False,True,False,False,"facebook.com/momastudio""",True,False,instagram.com/momastudio_pl,,False,True,False,False,False,False,False,False,False
https://www.o2.pl,,,False,True,False,False,"facebook.com/portalo2pl""><meta",True,True,"instagram.com/embed.js"";",,False,False,False,False,False,False,False,False,False
https://www.hlonda6.pl,+48883101990,sklep@hlonda6.pl,False,True,False,False,facebook.com/hlonda6,True,True,instagram.com/hlonda6,,False,False,False,True,False,False,False,True,False
https://www.meblejanas.eu,+48509102102,,False,True,False,True,facebook.com/tr?id=1400139943792210&ev=PageView,True,False,instagram.com/meble_janas,,False,False,False,False,False,False,False,False,False
https://www.kenixnl.eu,"+31617408515,",biuro@kenixnl.ei,False,True,True,False,facebook.com/tr?id=3214560701934438&ev=PageView&noscript=1',True,True,,,False,False,False,True,False,False,False,False,True
https://www.mebleares.pl,,,False,True,True,True,facebook.com/mebleares,True,False,instagram.com/mebleares,,False,True,False,True,True,False,False,False,False
https://www.mebleteo.pl,,,False,False,True,False,"facebook.com/tr?id=281025527136747&ev=PageView&noscript=1""",True,False,instagram.com/mebleteo.pl,,False,False,False,True,False,False,False,True,False
https://www.italmeble.pl,664-166-880,gdansk@italmeble.pl,False,True,False,False,"facebook.com/italmeble"">",True,False,instagram.com/italmeble,,False,False,False,False,False,False,False,False,False
https://www.meblegreen.pl,,,False,False,True,False,,True,False,,,True,False,False,True,False,False,False,False,False
https://www.meble-marzenie.pl,0048609221092,biuro@meble-marzenie.pl,False,True,False,False,"facebook.com/meblemarzenie""><i",True,False,instagram.com/comfort4u_,,False,False,False,False,False,False,False,False,False
https://www.vivaldimeble.pl,+48 12 400 45 59,,False,True,False,False,"facebook.com/tr?id=486716636558999&ev=PageView&noscript=1""",True,True,instagram.com/vivaldi_meble,,False,True,False,True,False,False,False,False,False
https://www.akord.net.pl,,pawel@akord.net.pl,False,False,True,False,facebook.com/plugins,True,False,,,False,False,False,False,False,False,False,False,False
https://www.rad-pol.com.pl,//+48 668 016&nbsp;978,,False,True,True,False,"facebook.com/tr?id=687066654788990&ev=PageView&noscript=1""",True,False,instagram.com/rad_pol_meble_tkaniny,,False,False,False,False,False,False,False,False,False
https://www.minko.co,,info@minko.co,False,True,True,True,facebook.com/tr,True,True,instagram.com/p,,False,False,False,True,True,False,False,False,False
https://www.robik.radom.pl,,,False,True,True,False,facebook.com/plugins,True,True,instagram.com/explore,,False,False,False,True,False,False,False,False,False
https://www.ubranka-niemowlece.pl,,,False,False,True,True,,True,False,,,False,False,False,False,False,False,False,False,False
https://www.nanaforganic.pl,,,False,True,True,False,facebook.com/NanafOrganic,True,True,instagram.com/nanaforganic,,False,False,False,True,False,False,False,False,True
https://www.sleepee.pl,48690905260,kontakt@sleepee.pl,False,True,True,False,"facebook.com/tr?id=196096674586284&ev=PageView&noscript=1""",True,True,instagram.com/sleepee.pl,,False,False,False,True,False,False,False,False,True
https://www.yoclub.pl,501 800 850,sklep@yoclub.pl,False,True,True,False,facebook.com/Yoclubpl,True,True,"instagram.com/yoclub.pl""",,False,False,False,True,False,False,False,False,False
https://www.babylulu-sklep.pl,+48602733154,babylulusklep@gmail.com,False,True,True,False,"facebook.com/babylulupl""",True,True,instagram.com/babylulu_pl,,False,False,False,True,False,False,False,False,True
https://www.radomiak.sklep.pl,,sklep@radomiak.pl,False,False,False,True,facebook.com/ZielonaWyspaSklep,True,True,,,False,False,False,True,True,False,False,False,False
https://www.moocha.pl,+48794491591,admin@moocha.pl,False,True,True,True,facebook.com/moochastylowedzieciaki,True,True,instagram.com/moocha.pl,,False,False,False,True,True,False,False,False,False
